Date,TSLA
11/26/2012,2.151333
11/27/2012,2.143333
11/28/2012,2.215333
11/29/2012,2.246
11/30/2012,2.254667
12/3/2012,2.308
12/4/2012,2.26
12/5/2012,2.247333
12/6/2012,2.26
12/7/2012,2.278
12/10/2012,2.304667
12/11/2012,2.352
12/12/2012,2.350667
12/13/2012,2.240667
12/14/2012,2.254
12/17/2012,2.293333
12/18/2012,2.306
12/19/2012,2.307333
12/20/2012,2.295333
12/21/2012,2.266667
12/24/2012,2.285333
12/26/2012,2.239333
12/27/2012,2.246
12/28/2012,2.214667
12/31/2012,2.258
1/2/2013,2.357333
1/3/2013,2.318
1/4/2013,2.293333
1/7/2013,2.289333
1/8/2013,2.245333
1/9/2013,2.242667
1/10/2013,2.235333
1/11/2013,2.194
1/14/2013,2.217333
1/15/2013,2.26
1/16/2013,2.273333
1/17/2013,2.292
1/18/2013,2.301333
1/22/2013,2.346
1/23/2013,2.4
1/24/2013,2.466
1/25/2013,2.465333
1/28/2013,2.535333
1/29/2013,2.53
1/30/2013,2.501333
1/31/2013,2.500667
2/1/2013,2.553333
2/4/2013,2.516
2/5/2013,2.542
2/6/2013,2.611333
2/7/2013,2.632
2/8/2013,2.616
2/11/2013,2.561333
2/12/2013,2.526
2/13/2013,2.563333
2/14/2013,2.551333
2/15/2013,2.469333
2/19/2013,2.618667
2/20/2013,2.569333
2/21/2013,2.344
2/22/2013,2.407333
2/25/2013,2.292
2/26/2013,2.295333
2/27/2013,2.34
2/28/2013,2.322
3/1/2013,2.31
3/4/2013,2.372
3/5/2013,2.443333
3/6/2013,2.512667
3/7/2013,2.548667
3/8/2013,2.564667
3/11/2013,2.606667
3/12/2013,2.608
3/13/2013,2.598667
3/14/2013,2.456667
3/15/2013,2.352667
3/18/2013,2.343333
3/19/2013,2.338667
3/20/2013,2.396667
3/21/2013,2.400667
3/22/2013,2.441333
3/25/2013,2.502
3/26/2013,2.524
3/27/2013,2.544
3/28/2013,2.526
4/1/2013,2.928667
4/2/2013,2.956
4/3/2013,2.74
4/4/2013,2.800667
4/5/2013,2.758
4/8/2013,2.788667
4/9/2013,2.7
4/10/2013,2.790667
4/11/2013,2.906
4/12/2013,2.916667
4/15/2013,2.886667
4/16/2013,3.039333
4/17/2013,3.03
4/18/2013,3.131333
4/19/2013,3.188667
4/22/2013,3.346
4/23/2013,3.400667
4/24/2013,3.362
4/25/2013,3.466667
4/26/2013,3.413333
4/29/2013,3.662667
4/30/2013,3.599333
5/1/2013,3.552
5/2/2013,3.607333
5/3/2013,3.636667
5/6/2013,3.966667
5/7/2013,3.700667
5/8/2013,3.719333
5/9/2013,4.626667
5/10/2013,5.117333
5/13/2013,5.853333
5/14/2013,5.549333
5/15/2013,5.656
5/16/2013,6.15
5/17/2013,6.1
5/20/2013,5.996
5/21/2013,5.839333
5/22/2013,5.816
5/23/2013,6.182
5/24/2013,6.472
5/28/2013,7.355333
5/29/2013,6.975333
5/30/2013,6.996667
5/31/2013,6.517333
6/3/2013,6.172667
6/4/2013,6.322667
6/5/2013,6.358
6/6/2013,6.49
6/7/2013,6.802667
6/10/2013,6.67
6/11/2013,6.298
6/12/2013,6.515333
6/13/2013,6.545333
6/14/2013,6.686667
6/17/2013,6.813333
6/18/2013,6.892667
6/19/2013,6.978667
6/20/2013,6.71
6/21/2013,6.636667
6/24/2013,6.766
6/25/2013,6.826667
6/26/2013,7.048
6/27/2013,7.283333
6/28/2013,7.157333
7/1/2013,7.812
7/2/2013,7.854667
7/3/2013,7.682667
7/5/2013,8.006
7/8/2013,8.107333
7/9/2013,8.23
7/10/2013,8.151333
7/11/2013,8.374
7/12/2013,8.66
7/15/2013,8.484
7/16/2013,7.27
7/17/2013,8.016667
7/18/2013,7.935333
7/19/2013,7.978667
7/22/2013,8.162
7/23/2013,8.182667
7/24/2013,8.113333
7/25/2013,8.271333
7/26/2013,8.626
7/29/2013,8.974667
7/30/2013,8.782667
7/31/2013,8.952
8/1/2013,9.036667
8/2/2013,9.2
8/5/2013,9.645333
8/6/2013,9.476667
8/7/2013,8.948667
8/8/2013,10.232
8/9/2013,10.2
8/12/2013,9.825333
8/13/2013,9.695333
8/14/2013,9.290667
8/15/2013,9.311333
8/16/2013,9.466667
8/19/2013,9.66
8/20/2013,9.972
8/21/2013,9.857333
8/22/2013,10.473333
8/23/2013,10.789333
8/26/2013,10.948
8/27/2013,11.134
8/28/2013,11.096667
8/29/2013,11.070667
8/30/2013,11.266667
9/3/2013,11.262667
9/4/2013,11.374667
9/5/2013,11.328667
9/6/2013,11.131333
9/9/2013,10.713333
9/10/2013,11.091333
9/11/2013,10.901333
9/12/2013,10.995333
9/13/2013,11.036
9/16/2013,11.105333
9/17/2013,11.082
9/18/2013,11.081333
9/19/2013,11.861333
9/20/2013,12.226
9/23/2013,12.074
9/24/2013,12.155333
9/25/2013,12.349333
9/26/2013,12.576
9/27/2013,12.726667
9/30/2013,12.891333
10/1/2013,12.866667
10/2/2013,12.063333
10/3/2013,11.554
10/4/2013,12.065333
10/7/2013,12.204667
10/8/2013,11.648667
10/9/2013,11.252
10/10/2013,11.528667
10/11/2013,11.913333
10/14/2013,11.981333
10/15/2013,12.262667
10/16/2013,12.237333
10/17/2013,12.186667
10/18/2013,12.226667
10/21/2013,11.506667
10/22/2013,11.436
10/23/2013,10.966667
10/24/2013,11.543333
10/25/2013,11.310667
10/28/2013,10.857333
10/29/2013,10.964667
10/30/2013,10.614667
10/31/2013,10.662667
11/1/2013,10.811333
11/4/2013,11.68
11/5/2013,11.787333
11/6/2013,10.077333
11/7/2013,9.318
11/8/2013,9.196667
11/11/2013,9.646667
11/12/2013,9.186667
11/13/2013,9.246667
11/14/2013,9.173333
11/15/2013,9.03
11/18/2013,8.105333
11/19/2013,8.406
11/20/2013,8.074
11/21/2013,8.14
11/22/2013,8.092
11/25/2013,8.056
11/26/2013,8.033333
11/27/2013,8.462667
11/29/2013,8.485333
12/2/2013,8.278
12/3/2013,9.646667
12/4/2013,9.263333
12/5/2013,9.365333
12/6/2013,9.157333
12/9/2013,9.44
12/10/2013,9.479333
12/11/2013,9.31
12/12/2013,9.831333
12/13/2013,9.843333
12/16/2013,9.862667
12/17/2013,10.164
12/18/2013,9.865333
12/19/2013,9.381333
12/20/2013,9.549333
12/23/2013,9.57
12/24/2013,10.094
12/26/2013,10.366667
12/27/2013,10.074667
12/30/2013,10.162667
12/31/2013,10.028667
1/2/2014,10.006667
1/3/2014,9.970667
1/6/2014,9.8
1/7/2014,9.957333
1/8/2014,10.085333
1/9/2014,9.835333
1/10/2014,9.714667
1/13/2014,9.289333
1/14/2014,10.751333
1/15/2014,10.942
1/16/2014,11.398
1/17/2014,11.334
1/21/2014,11.778667
1/22/2014,11.904
1/23/2014,12.1
1/24/2014,11.64
1/27/2014,11.308
1/28/2014,11.892
1/29/2014,11.682
1/30/2014,12.189333
1/31/2014,12.094
2/3/2014,11.807333
2/4/2014,11.915333
2/5/2014,11.628
2/6/2014,11.892
2/7/2014,12.435333
2/10/2014,13.104
2/11/2014,13.108
2/12/2014,13.021333
2/13/2014,13.308667
2/14/2014,13.215333
2/18/2014,13.58
2/19/2014,12.909333
2/20/2014,13.998
2/21/2014,13.973333
2/24/2014,14.51
2/25/2014,16.533333
2/26/2014,16.866667
2/27/2014,16.836
2/28/2014,16.320667
3/3/2014,16.704
3/4/2014,16.989332
3/5/2014,16.844
3/6/2014,16.862667
3/7/2014,16.414
3/10/2014,15.922667
3/11/2014,15.627333
3/12/2014,16.099333
3/13/2014,15.852667
3/14/2014,15.398
3/17/2014,15.598667
3/18/2014,16.002666
3/19/2014,15.722667
3/20/2014,15.660667
3/21/2014,15.259333
3/24/2014,14.678
3/25/2014,14.696
3/26/2014,14.197333
3/27/2014,13.821333
3/28/2014,14.158
3/31/2014,13.896667
4/1/2014,14.464667
4/2/2014,15.352667
4/3/2014,15.026667
4/4/2014,14.148667
4/7/2014,13.834667
4/8/2014,14.364
4/9/2014,14.462
4/10/2014,13.612667
4/11/2014,13.585333
4/14/2014,13.206
4/15/2014,12.927333
4/16/2014,13.274
4/17/2014,13.208
4/21/2014,13.625333
4/22/2014,14.576
4/23/2014,13.866
4/24/2014,13.857333
4/25/2014,13.323333
4/28/2014,13.234
4/29/2014,13.794667
4/30/2014,13.859333
5/1/2014,13.848667
5/2/2014,14.060667
5/5/2014,14.440667
5/6/2014,13.818667
5/7/2014,13.423333
5/8/2014,11.906
5/9/2014,12.150667
5/12/2014,12.311333
5/13/2014,12.677333
5/14/2014,12.708
5/15/2014,12.572667
5/16/2014,12.770667
5/19/2014,13.072667
5/20/2014,13.02
5/21/2014,13.296667
5/22/2014,13.658667
5/23/2014,13.82
5/27/2014,14.104
5/28/2014,14.016
5/29/2014,14.016
5/30/2014,13.851333
6/2/2014,13.646667
6/3/2014,13.662667
6/4/2014,13.599333
6/5/2014,13.793333
6/6/2014,13.878
6/9/2014,13.687333
6/10/2014,13.486667
6/11/2014,13.631333
6/12/2014,13.568
6/13/2014,13.761333
6/16/2014,14.974
6/17/2014,15.444667
6/18/2014,15.141333
6/19/2014,15.186
6/20/2014,15.306
6/23/2014,15.814667
6/24/2014,15.5
6/25/2014,15.792667
6/26/2014,15.706667
6/27/2014,15.937333
6/30/2014,16.004
7/1/2014,15.981333
7/2/2014,15.295333
7/3/2014,15.283333
7/7/2014,14.844
7/8/2014,14.604667
7/9/2014,14.870667
7/10/2014,14.630667
7/11/2014,14.542
7/14/2014,15.113333
7/15/2014,14.638667
7/16/2014,14.477333
7/17/2014,14.36
7/18/2014,14.668
7/21/2014,14.702667
7/22/2014,14.638667
7/23/2014,14.832667
7/24/2014,14.902667
7/25/2014,14.904667
7/28/2014,14.988
7/29/2014,15.000667
7/30/2014,15.261333
7/31/2014,14.886667
8/1/2014,15.551333
8/4/2014,15.901333
8/5/2014,15.899333
8/6/2014,16.595333
8/7/2014,16.826
8/8/2014,16.542
8/11/2014,17.288
8/12/2014,17.330667
8/13/2014,17.354
8/14/2014,17.425333
8/15/2014,17.467333
8/18/2014,17.329332
8/19/2014,17.117332
8/20/2014,17.047333
8/21/2014,16.955999
8/22/2014,17.118668
8/25/2014,17.503332
8/26/2014,17.449333
8/27/2014,17.549999
8/28/2014,17.590668
8/29/2014,17.98
9/2/2014,18.941334
9/3/2014,18.746
9/4/2014,19.069332
9/5/2014,18.492666
9/8/2014,18.807333
9/9/2014,18.565332
9/10/2014,18.74
9/11/2014,18.687332
9/12/2014,18.613333
9/15/2014,16.924
9/16/2014,17.382668
9/17/2014,17.425333
9/18/2014,17.587999
9/19/2014,17.288
9/22/2014,16.668667
9/23/2014,16.694
9/24/2014,16.809334
9/25/2014,16.463333
9/26/2014,16.440001
9/29/2014,16.350668
9/30/2014,16.178667
10/1/2014,16.016001
10/2/2014,16.761333
10/3/2014,17.014
10/6/2014,17.374666
10/7/2014,17.304667
10/8/2014,17.285334
10/9/2014,17.134001
10/10/2014,15.794
10/13/2014,14.972667
10/14/2014,15.137333
10/15/2014,15.313333
10/16/2014,15.09
10/17/2014,15.165333
10/20/2014,15.364667
10/21/2014,15.689333
10/22/2014,15.406667
10/23/2014,15.686
10/24/2014,15.682667
10/27/2014,14.778
10/28/2014,16.184668
10/29/2014,15.873333
10/30/2014,15.910667
10/31/2014,16.113333
11/3/2014,16.172667
11/4/2014,15.928667
11/5/2014,15.398
11/6/2014,16.081333
11/7/2014,16.013332
11/10/2014,16.128668
11/11/2014,16.738667
11/12/2014,16.606667
11/13/2014,16.780001
11/14/2014,17.245333
11/17/2014,16.931999
11/18/2014,17.18
11/19/2014,16.516001
11/20/2014,16.580667
11/21/2014,16.185333
11/24/2014,16.448
11/25/2014,16.539333
11/26/2014,16.562668
11/28/2014,16.301332
12/1/2014,15.442667
12/2/2014,15.428667
12/3/2014,15.286667
12/4/2014,15.218667
12/5/2014,14.914
12/8/2014,14.290667
12/9/2014,14.459333
12/10/2014,13.989333
12/11/2014,13.925333
12/12/2014,13.8
12/15/2014,13.602667
12/16/2014,13.187333
12/17/2014,13.721333
12/18/2014,14.550667
12/19/2014,14.619333
12/22/2014,14.84
12/23/2014,14.731333
12/24/2014,14.817333
12/26/2014,15.188
12/29/2014,15.047333
12/30/2014,14.815333
12/31/2014,14.827333
1/2/2015,14.620667
1/5/2015,14.006
1/6/2015,14.085333
1/7/2015,14.063333
1/8/2015,14.041333
1/9/2015,13.777333
1/12/2015,13.480667
1/13/2015,13.616667
1/14/2015,12.846
1/15/2015,12.791333
1/16/2015,12.871333
1/20/2015,12.795333
1/21/2015,13.104667
1/22/2015,13.441333
1/23/2015,13.419333
1/26/2015,13.77
1/27/2015,13.732
1/28/2015,13.291333
1/29/2015,13.68
1/30/2015,13.573333
2/2/2015,14.062667
2/3/2015,14.557333
2/4/2015,14.57
2/5/2015,14.732667
2/6/2015,14.490667
2/9/2015,14.498667
2/10/2015,14.419333
2/11/2015,14.186667
2/12/2015,13.525333
2/13/2015,13.584667
2/17/2015,13.623333
2/18/2015,13.630667
2/19/2015,14.114
2/20/2015,14.474
2/23/2015,13.822667
2/24/2015,13.607333
2/25/2015,13.584
2/26/2015,13.812667
2/27/2015,13.556
3/2/2015,13.155333
3/3/2015,13.304
3/4/2015,13.496
3/5/2015,13.375333
3/6/2015,12.925333
3/9/2015,12.725333
3/10/2015,12.688
3/11/2015,12.916
3/12/2015,12.738
3/13/2015,12.578667
3/16/2015,13.046667
3/17/2015,12.982
3/18/2015,13.380667
3/19/2015,13.043333
3/20/2015,13.205333
3/23/2015,13.308667
3/24/2015,13.448
3/25/2015,12.953333
3/26/2015,12.694
3/27/2015,12.333333
3/30/2015,12.704667
3/31/2015,12.584667
4/1/2015,12.506
4/2/2015,12.733333
4/6/2015,13.54
4/7/2015,13.55
4/8/2015,13.844667
4/9/2015,14.006
4/10/2015,14.06
4/13/2015,13.985333
4/14/2015,13.830667
4/15/2015,13.855333
4/16/2015,13.78
4/17/2015,13.786
4/20/2015,13.684667
4/21/2015,13.960667
4/22/2015,14.629333
4/23/2015,14.573333
4/24/2015,14.562
4/27/2015,15.436667
4/28/2015,15.365333
4/29/2015,15.496667
4/30/2015,15.07
5/1/2015,15.068667
5/4/2015,15.367333
5/5/2015,15.53
5/6/2015,15.362
5/7/2015,15.786667
5/8/2015,15.774
5/11/2015,15.966
5/12/2015,16.316
5/13/2015,16.212
5/14/2015,16.273333
5/15/2015,16.589333
5/18/2015,16.583332
5/19/2015,16.476
5/20/2015,16.290001
5/21/2015,16.374666
5/22/2015,16.515333
5/26/2015,16.497334
5/27/2015,16.495333
5/28/2015,16.763332
5/29/2015,16.719999
6/1/2015,16.629999
6/2/2015,16.556667
6/3/2015,16.599333
6/4/2015,16.394667
6/5/2015,16.609333
6/8/2015,17.086
6/9/2015,17.066668
6/10/2015,16.713333
6/11/2015,16.760668
6/12/2015,16.712667
6/15/2015,16.691999
6/16/2015,16.874666
6/17/2015,17.360666
6/18/2015,17.459333
6/19/2015,17.500668
6/22/2015,17.319332
6/23/2015,17.844667
6/24/2015,17.677999
6/25/2015,17.919333
6/26/2015,17.806
6/29/2015,17.468
6/30/2015,17.884001
7/1/2015,17.943333
7/2/2015,18.667999
7/6/2015,18.648001
7/7/2015,17.858667
7/8/2015,16.997334
7/9/2015,17.194668
7/10/2015,17.276667
7/13/2015,17.477333
7/14/2015,17.709999
7/15/2015,17.542667
7/16/2015,17.778667
7/17/2015,18.310667
7/20/2015,18.817333
7/21/2015,17.784666
7/22/2015,17.858
7/23/2015,17.813334
7/24/2015,17.694
7/27/2015,16.867332
7/28/2015,17.654667
7/29/2015,17.587999
7/30/2015,17.785999
7/31/2015,17.743334
8/3/2015,17.332666
8/4/2015,17.752001
8/5/2015,18.008667
8/6/2015,16.408667
8/7/2015,16.167334
8/10/2015,16.076
8/11/2015,15.824667
8/12/2015,15.878
8/13/2015,16.167334
8/14/2015,16.209999
8/17/2015,16.999332
8/18/2015,17.381332
8/19/2015,17.016666
8/20/2015,16.145332
8/21/2015,15.384667
8/24/2015,14.591333
8/25/2015,14.668667
8/26/2015,14.989333
8/27/2015,16.199333
8/28/2015,16.565332
8/31/2015,16.604
9/1/2015,15.908667
9/2/2015,16.512667
9/3/2015,16.371332
9/4/2015,16.128668
9/8/2015,16.544666
9/9/2015,16.594
9/10/2015,16.565332
9/11/2015,16.682667
9/14/2015,16.879333
9/15/2015,16.904667
9/16/2015,17.483334
9/17/2015,17.471333
9/18/2015,17.374666
9/21/2015,17.613333
9/22/2015,17.396
9/23/2015,17.403999
9/24/2015,17.541332
9/25/2015,17.127333
9/28/2015,16.562
9/29/2015,16.443333
9/30/2015,16.559999
10/1/2015,15.992
10/2/2015,16.504667
10/5/2015,16.41
10/6/2015,16.097334
10/7/2015,15.464
10/8/2015,15.114667
10/9/2015,14.712667
10/12/2015,14.372
10/13/2015,14.616667
10/14/2015,14.458667
10/15/2015,14.754
10/16/2015,15.134
10/19/2015,15.206667
10/20/2015,14.202
10/21/2015,14.006
10/22/2015,14.114667
10/23/2015,13.939333
10/26/2015,14.350667
10/27/2015,14.023333
10/28/2015,14.197333
10/29/2015,14.108667
10/30/2015,13.795333
11/2/2015,14.252667
11/3/2015,13.89
11/4/2015,15.442
11/5/2015,15.451333
11/6/2015,15.490667
11/9/2015,15.022
11/10/2015,14.433333
11/11/2015,14.605333
11/12/2015,14.196
11/13/2015,13.812667
11/16/2015,14.287333
11/17/2015,14.266667
11/18/2015,14.738
11/19/2015,14.786667
11/20/2015,14.667333
11/23/2015,14.516667
11/24/2015,14.55
11/25/2015,15.309333
11/27/2015,15.440667
11/30/2015,15.350667
12/1/2015,15.812667
12/2/2015,15.466
12/3/2015,15.514
12/4/2015,15.358667
12/7/2015,15.408667
12/8/2015,15.114667
12/9/2015,14.968
12/10/2015,15.138
12/11/2015,14.468
12/14/2015,14.572
12/15/2015,14.739333
12/16/2015,15.634
12/17/2015,15.559333
12/18/2015,15.364
12/21/2015,15.504
12/22/2015,15.33
12/23/2015,15.313333
12/24/2015,15.371333
12/28/2015,15.263333
12/29/2015,15.812667
12/30/2015,15.872667
12/31/2015,16.000668
1/4/2016,14.894
1/5/2016,14.895333
1/6/2016,14.602667
1/7/2016,14.376667
1/8/2016,14.066667
1/11/2016,13.856667
1/12/2016,13.998
1/13/2016,13.354
1/14/2016,13.745333
1/15/2016,13.666
1/19/2016,13.648
1/20/2016,13.246667
1/21/2016,13.331333
1/22/2016,13.503333
1/25/2016,13.092
1/26/2016,12.904
1/27/2016,12.538
1/28/2016,12.646667
1/29/2016,12.746667
2/1/2016,13.129333
2/2/2016,12.185333
2/3/2016,11.565333
2/4/2016,11.688667
2/5/2016,10.84
2/8/2016,9.866
2/9/2016,9.883333
2/10/2016,9.578
2/11/2016,10.031333
2/12/2016,10.069333
2/16/2016,10.344667
2/17/2016,11.245333
2/18/2016,11.118
2/19/2016,11.105333
2/22/2016,11.849333
2/23/2016,11.814
2/24/2016,11.933333
2/25/2016,12.495333
2/26/2016,12.689333
2/29/2016,12.795333
3/1/2016,12.423333
3/2/2016,12.556
3/3/2016,13.049333
3/4/2016,13.402667
3/7/2016,13.686
3/8/2016,13.506667
3/9/2016,13.914667
3/10/2016,13.678667
3/11/2016,13.833333
3/14/2016,14.343333
3/15/2016,14.556
3/16/2016,14.795333
3/17/2016,15.092
3/18/2016,15.516
3/21/2016,15.888
3/22/2016,15.616
3/23/2016,14.838667
3/24/2016,15.183333
3/28/2016,15.350667
3/29/2016,15.342
3/30/2016,15.126
3/31/2016,15.318
4/1/2016,15.839333
4/4/2016,16.466
4/5/2016,17.031334
4/6/2016,17.694668
4/7/2016,17.146667
4/8/2016,16.671333
4/11/2016,16.661333
4/12/2016,16.521334
4/13/2016,16.968666
4/14/2016,16.790667
4/15/2016,16.967333
4/18/2016,16.925333
4/19/2016,16.491333
4/20/2016,16.664667
4/21/2016,16.552668
4/22/2016,16.916668
4/25/2016,16.788
4/26/2016,16.916
4/27/2016,16.764668
4/28/2016,16.514
4/29/2016,16.050667
5/2/2016,16.120001
5/3/2016,15.488
5/4/2016,14.837333
5/5/2016,14.102
5/6/2016,14.328667
5/9/2016,13.928
5/10/2016,13.912667
5/11/2016,13.930667
5/12/2016,13.818667
5/13/2016,13.840667
5/16/2016,13.886
5/17/2016,13.644
5/18/2016,14.078
5/19/2016,14.347333
5/20/2016,14.685333
5/23/2016,14.414667
5/24/2016,14.527333
5/25/2016,14.638667
5/26/2016,15.008
5/27/2016,14.869333
5/31/2016,14.882
6/1/2016,14.637333
6/2/2016,14.597333
6/3/2016,14.599333
6/6/2016,14.712
6/7/2016,15.489333
6/8/2016,15.701333
6/9/2016,15.290667
6/10/2016,14.586
6/13/2016,14.524667
6/14/2016,14.330667
6/15/2016,14.513333
6/16/2016,14.528667
6/17/2016,14.364667
6/20/2016,14.646667
6/21/2016,14.640667
6/22/2016,13.110667
6/23/2016,13.093333
6/24/2016,12.876667
6/27/2016,13.236667
6/28/2016,13.452667
6/29/2016,14.012667
6/30/2016,14.152
7/1/2016,14.433333
7/5/2016,14.265333
7/6/2016,14.296
7/7/2016,14.396
7/8/2016,14.452
7/11/2016,14.985333
7/12/2016,14.976667
7/13/2016,14.835333
7/14/2016,14.768667
7/15/2016,14.693333
7/18/2016,15.083333
7/19/2016,15.017333
7/20/2016,15.224
7/21/2016,14.7
7/22/2016,14.818
7/25/2016,15.334
7/26/2016,15.300667
7/27/2016,15.232667
7/28/2016,15.374
7/29/2016,15.652667
8/1/2016,15.334
8/2/2016,15.146667
8/3/2016,15.052667
8/4/2016,15.374
8/5/2016,15.335333
8/8/2016,15.077333
8/9/2016,15.272
8/10/2016,15.043333
8/11/2016,14.994
8/12/2016,15.040667
8/15/2016,15.039333
8/16/2016,14.907333
8/17/2016,14.882667
8/18/2016,14.900667
8/19/2016,15
8/22/2016,14.862
8/23/2016,14.989333
8/24/2016,14.841333
8/25/2016,14.730667
8/26/2016,14.666
8/29/2016,14.346667
8/30/2016,14.089333
8/31/2016,14.134
9/1/2016,13.384667
9/2/2016,13.185333
9/6/2016,13.522
9/7/2016,13.447333
9/8/2016,13.157333
9/9/2016,12.964667
9/12/2016,13.22
9/13/2016,13.07
9/14/2016,13.094
9/15/2016,13.361333
9/16/2016,13.693333
9/19/2016,13.756
9/20/2016,13.642667
9/21/2016,13.681333
9/22/2016,13.762
9/23/2016,13.83
9/26/2016,13.932667
9/27/2016,13.720667
9/28/2016,13.751333
9/29/2016,13.38
9/30/2016,13.602
10/3/2016,14.246667
10/4/2016,14.094
10/5/2016,13.897333
10/6/2016,13.4
10/7/2016,13.107333
10/10/2016,13.396667
10/11/2016,13.34
10/12/2016,13.434
10/13/2016,13.349333
10/14/2016,13.100667
10/17/2016,12.930667
10/18/2016,13.273333
10/19/2016,13.570667
10/20/2016,13.273333
10/21/2016,13.339333
10/24/2016,13.517333
10/25/2016,13.489333
10/26/2016,13.482667
10/27/2016,13.600667
10/28/2016,13.331333
10/31/2016,13.182
11/1/2016,12.719333
11/2/2016,12.534667
11/3/2016,12.494667
11/4/2016,12.704
11/7/2016,12.880667
11/8/2016,12.996
11/9/2016,12.670667
11/10/2016,12.356667
11/11/2016,12.570667
11/14/2016,12.096667
11/15/2016,12.251333
11/16/2016,12.262
11/17/2016,12.577333
11/18/2016,12.334667
11/21/2016,12.301333
11/22/2016,12.744667
11/23/2016,12.876
11/25/2016,13.11
11/28/2016,13.074667
11/29/2016,12.638
11/30/2016,12.626667
12/1/2016,12.125333
12/2/2016,12.098
12/5/2016,12.453333
12/6/2016,12.39
12/7/2016,12.876667
12/8/2016,12.819333
12/9/2016,12.812
12/12/2016,12.828667
12/13/2016,13.21
12/14/2016,13.246
12/15/2016,13.172
12/16/2016,13.499333
12/19/2016,13.515333
12/20/2016,13.919333
12/21/2016,13.846667
12/22/2016,13.896667
12/23/2016,14.222667
12/27/2016,14.635333
12/28/2016,14.649333
12/29/2016,14.312
12/30/2016,14.246
1/3/2017,14.466
1/4/2017,15.132667
1/5/2017,15.116667
1/6/2017,15.267333
1/9/2017,15.418667
1/10/2017,15.324667
1/11/2017,15.315333
1/12/2017,15.306
1/13/2017,15.85
1/17/2017,15.705333
1/18/2017,15.890667
1/19/2017,16.250668
1/20/2017,16.315332
1/23/2017,16.594667
1/24/2017,16.974001
1/25/2017,16.964666
1/26/2017,16.834
1/27/2017,16.863333
1/30/2017,16.708668
1/31/2017,16.795334
2/1/2017,16.615999
2/2/2017,16.77
2/3/2017,16.755333
2/6/2017,17.184668
2/7/2017,17.165333
2/8/2017,17.472
2/9/2017,17.946667
2/10/2017,17.948668
2/13/2017,18.706667
2/14/2017,18.732
2/15/2017,18.650667
2/16/2017,17.93
2/17/2017,18.148666
2/21/2017,18.492666
2/22/2017,18.233999
2/23/2017,17.066
2/24/2017,17.133333
2/27/2017,16.415333
2/28/2017,16.666
3/1/2017,16.667999
3/2/2017,16.698668
3/3/2017,16.771334
3/6/2017,16.747334
3/7/2017,16.572666
3/8/2017,16.458
3/9/2017,16.326668
3/10/2017,16.246
3/13/2017,16.411333
3/14/2017,17.200001
3/15/2017,17.048668
3/16/2017,17.469999
3/17/2017,17.433332
3/20/2017,17.461332
3/21/2017,16.712
3/22/2017,17.000668
3/23/2017,16.985332
3/24/2017,17.544001
3/27/2017,18.014668
3/28/2017,18.496668
3/29/2017,18.492001
3/30/2017,18.528
3/31/2017,18.553333
4/3/2017,19.901333
4/4/2017,20.246668
4/5/2017,19.666668
4/6/2017,19.913334
4/7/2017,20.169333
4/10/2017,20.826
4/11/2017,20.580667
4/12/2017,19.789333
4/13/2017,20.266666
4/17/2017,20.096001
4/18/2017,20.016666
4/19/2017,20.368
4/20/2017,20.167334
4/21/2017,20.373333
4/24/2017,20.535334
4/25/2017,20.919333
4/26/2017,20.677999
4/27/2017,20.575333
4/28/2017,20.938
5/1/2017,21.521999
5/2/2017,21.259333
5/3/2017,20.734667
5/4/2017,19.697332
5/5/2017,20.556667
5/8/2017,20.479334
5/9/2017,21.417334
5/10/2017,21.681334
5/11/2017,21.540001
5/12/2017,21.653999
5/15/2017,21.058666
5/16/2017,21.134001
5/17/2017,20.407333
5/18/2017,20.870667
5/19/2017,20.722
5/22/2017,20.690001
5/23/2017,20.257334
5/24/2017,20.681334
5/25/2017,21.122
5/26/2017,21.676001
5/30/2017,22.34
5/31/2017,22.733999
6/1/2017,22.691334
6/2/2017,22.656668
6/5/2017,23.154667
6/6/2017,23.523333
6/7/2017,23.976667
6/8/2017,24.666668
6/9/2017,23.821333
6/12/2017,23.934
6/13/2017,25.063334
6/14/2017,25.377333
6/15/2017,25.022667
6/16/2017,24.76
6/19/2017,24.653334
6/20/2017,24.816
6/21/2017,25.093332
6/22/2017,25.507334
6/23/2017,25.563334
6/26/2017,25.166
6/27/2017,24.158001
6/28/2017,24.749332
6/29/2017,24.049999
6/30/2017,24.107332
7/3/2017,23.507999
7/5/2017,21.806
7/6/2017,20.588667
7/7/2017,20.881332
7/10/2017,21.07
7/11/2017,21.814667
7/12/2017,21.968
7/13/2017,21.560667
7/14/2017,21.851999
7/17/2017,21.304667
7/18/2017,21.882668
7/19/2017,21.684
7/20/2017,21.994667
7/21/2017,21.893333
7/24/2017,22.834667
7/25/2017,22.639999
7/26/2017,22.923332
7/27/2017,22.297333
7/28/2017,22.337999
7/31/2017,21.564667
8/1/2017,21.304667
8/2/2017,21.726
8/3/2017,23.139334
8/4/2017,23.794001
8/7/2017,23.677999
8/8/2017,24.348
8/9/2017,24.235332
8/10/2017,23.693333
8/11/2017,23.858
8/14/2017,24.253332
8/15/2017,24.155333
8/16/2017,24.194
8/17/2017,23.461332
8/18/2017,23.164
8/21/2017,22.524
8/22/2017,22.756666
8/23/2017,23.518
8/24/2017,23.528667
8/25/2017,23.203333
8/28/2017,23.044001
8/29/2017,23.157333
8/30/2017,23.545334
8/31/2017,23.726667
9/1/2017,23.693333
9/5/2017,23.306
9/6/2017,22.968666
9/7/2017,23.374001
9/8/2017,22.893333
9/11/2017,24.246
9/12/2017,24.183332
9/13/2017,24.415333
9/14/2017,25.176001
9/15/2017,25.320667
9/18/2017,25.666668
9/19/2017,25.006666
9/20/2017,24.927334
9/21/2017,24.431999
9/22/2017,23.406
9/25/2017,22.999332
9/26/2017,23.016666
9/27/2017,22.731333
9/28/2017,22.639999
9/29/2017,22.74
10/2/2017,22.768667
10/3/2017,23.209333
10/4/2017,23.667334
10/5/2017,23.688667
10/6/2017,23.792
10/9/2017,22.862667
10/10/2017,23.705999
10/11/2017,23.639999
10/12/2017,23.712
10/13/2017,23.704666
10/16/2017,23.373333
10/17/2017,23.716667
10/18/2017,23.976667
10/19/2017,23.454
10/20/2017,23.006666
10/23/2017,22.468
10/24/2017,22.489332
10/25/2017,21.722668
10/26/2017,21.744667
10/27/2017,21.391333
10/30/2017,21.338667
10/31/2017,22.101999
11/1/2017,21.405333
11/2/2017,19.950666
11/3/2017,20.406
11/6/2017,20.185333
11/7/2017,20.403334
11/8/2017,20.292667
11/9/2017,20.199333
11/10/2017,20.199333
11/13/2017,21.026667
11/14/2017,20.58
11/15/2017,20.753332
11/16/2017,20.833332
11/17/2017,21.003332
11/20/2017,20.582666
11/21/2017,21.187332
11/22/2017,20.84
11/24/2017,21.036667
11/27/2017,21.120667
11/28/2017,21.17
11/29/2017,20.502666
11/30/2017,20.59
12/1/2017,20.435333
12/4/2017,20.346666
12/5/2017,20.246668
12/6/2017,20.884001
12/7/2017,20.749332
12/8/2017,21.008667
12/11/2017,21.927334
12/12/2017,22.735332
12/13/2017,22.601999
12/14/2017,22.525999
12/15/2017,22.896667
12/18/2017,22.591333
12/19/2017,22.073334
12/20/2017,21.931999
12/21/2017,22.110666
12/22/2017,21.68
12/26/2017,21.152666
12/27/2017,20.775999
12/28/2017,21.024
12/29/2017,20.756666
1/2/2018,21.368668
1/3/2018,21.15
1/4/2018,20.974667
1/5/2018,21.105333
1/8/2018,22.427334
1/9/2018,22.246
1/10/2018,22.32
1/11/2018,22.530001
1/12/2018,22.414667
1/16/2018,22.670668
1/17/2018,23.143999
1/18/2018,22.971333
1/19/2018,23.334667
1/22/2018,23.437332
1/23/2018,23.519333
1/24/2018,23.059334
1/25/2018,22.509333
1/26/2018,22.856667
1/29/2018,23.302
1/30/2018,23.054667
1/31/2018,23.620667
2/1/2018,23.283333
2/2/2018,22.916668
2/5/2018,22.208668
2/6/2018,22.264668
2/7/2018,23
2/8/2018,21.015333
2/9/2018,20.694668
2/12/2018,21.048668
2/13/2018,21.577333
2/14/2018,21.487333
2/15/2018,22.271334
2/16/2018,22.365999
2/20/2018,22.318001
2/21/2018,22.219999
2/22/2018,23.077999
2/23/2018,23.469999
2/26/2018,23.827999
2/27/2018,23.399332
2/28/2018,22.870667
3/1/2018,22.062
3/2/2018,22.341333
3/5/2018,22.223333
3/6/2018,21.879999
3/7/2018,22.153334
3/8/2018,21.940001
3/9/2018,21.811333
3/12/2018,23.034
3/13/2018,22.789333
3/14/2018,21.775333
3/15/2018,21.706667
3/16/2018,21.423332
3/19/2018,20.903999
3/20/2018,20.703333
3/21/2018,21.101999
3/22/2018,20.606667
3/23/2018,20.102667
3/26/2018,20.278667
3/27/2018,18.612
3/28/2018,17.185333
3/29/2018,17.742001
4/2/2018,16.832001
4/3/2018,17.835333
4/4/2018,19.129333
4/5/2018,20.381332
4/6/2018,19.953333
4/9/2018,19.310667
4/10/2018,20.313334
4/11/2018,20.062
4/12/2018,19.605333
4/13/2018,20.022667
4/16/2018,19.414
4/17/2018,19.179333
4/18/2018,19.556667
4/19/2018,20.005333
4/20/2018,19.349333
4/23/2018,18.891333
4/24/2018,18.897333
4/25/2018,18.712667
4/26/2018,19.032
4/27/2018,19.605333
4/30/2018,19.593332
5/1/2018,19.994667
5/2/2018,20.076668
5/3/2018,18.963333
5/4/2018,19.606001
5/7/2018,20.184668
5/8/2018,20.131332
5/9/2018,20.456667
5/10/2018,20.334667
5/11/2018,20.070667
5/14/2018,19.464666
5/15/2018,18.945333
5/16/2018,19.098667
5/17/2018,18.969334
5/18/2018,18.454666
5/21/2018,18.966
5/22/2018,18.334
5/23/2018,18.604668
5/24/2018,18.523333
5/25/2018,18.59
5/29/2018,18.917334
5/30/2018,19.448
5/31/2018,18.982
6/1/2018,19.454666
6/4/2018,19.782667
6/5/2018,19.408667
6/6/2018,21.299999
6/7/2018,21.072666
6/8/2018,21.177334
6/11/2018,22.139999
6/12/2018,22.851334
6/13/2018,22.985332
6/14/2018,23.848
6/15/2018,23.878
6/18/2018,24.722
6/19/2018,23.503332
6/20/2018,24.148001
6/21/2018,23.167334
6/22/2018,22.242001
6/25/2018,22.200666
6/26/2018,22.799999
6/27/2018,22.966667
6/28/2018,23.328667
6/29/2018,22.863333
7/2/2018,22.337999
7/3/2018,20.724001
7/5/2018,20.610666
7/6/2018,20.593332
7/9/2018,21.233999
7/10/2018,21.497999
7/11/2018,21.264
7/12/2018,21.114
7/13/2018,21.257999
7/16/2018,20.673332
7/17/2018,21.512667
7/18/2018,21.59
7/19/2018,21.348667
7/20/2018,20.905333
7/23/2018,20.213333
7/24/2018,19.828667
7/25/2018,20.582666
7/26/2018,20.443333
7/27/2018,19.812
7/30/2018,19.344667
7/31/2018,19.875999
8/1/2018,20.056
8/2/2018,23.302668
8/3/2018,23.211332
8/6/2018,22.799334
8/7/2018,25.304667
8/8/2018,24.689333
8/9/2018,23.496668
8/10/2018,23.699333
8/13/2018,23.760668
8/14/2018,23.176001
8/15/2018,22.579332
8/16/2018,22.363333
8/17/2018,20.366667
8/20/2018,20.562668
8/21/2018,21.459999
8/22/2018,21.442667
8/23/2018,21.34
8/24/2018,21.521334
8/27/2018,21.284666
8/28/2018,20.790667
8/29/2018,20.334
8/30/2018,20.209999
8/31/2018,20.110666
9/4/2018,19.263332
9/5/2018,18.716
9/6/2018,18.73
9/7/2018,17.549334
9/10/2018,19.033333
9/11/2018,18.629333
9/12/2018,19.369333
9/13/2018,19.297333
9/14/2018,19.68
9/17/2018,19.656
9/18/2018,18.997334
9/19/2018,19.934668
9/20/2018,19.888666
9/21/2018,19.940001
9/24/2018,19.978666
9/25/2018,20.066
9/26/2018,20.638666
9/27/2018,20.501333
9/28/2018,17.651333
10/1/2018,20.713333
10/2/2018,20.068001
10/3/2018,19.653334
10/4/2018,18.788668
10/5/2018,17.463333
10/8/2018,16.704
10/9/2018,17.52
10/10/2018,17.125334
10/11/2018,16.815332
10/12/2018,17.252001
10/15/2018,17.306
10/16/2018,18.439333
10/17/2018,18.118668
10/18/2018,17.594
10/19/2018,17.333332
10/22/2018,17.396667
10/23/2018,19.609333
10/24/2018,19.233334
10/25/2018,20.990667
10/26/2018,22.059999
10/29/2018,22.323334
10/30/2018,21.993334
10/31/2018,22.488001
11/1/2018,22.952
11/2/2018,23.094
11/5/2018,22.76
11/6/2018,22.737333
11/7/2018,23.210667
11/8/2018,23.426666
11/9/2018,23.367332
11/12/2018,22.085333
11/13/2018,22.582001
11/14/2018,22.933332
11/15/2018,23.229334
11/16/2018,23.620667
11/19/2018,23.564667
11/20/2018,23.166
11/21/2018,22.546
11/23/2018,21.722
11/26/2018,23.066668
11/27/2018,22.927999
11/28/2018,23.191334
11/29/2018,22.744667
11/30/2018,23.365334
12/3/2018,23.899332
12/4/2018,23.98
12/6/2018,24.204
12/7/2018,23.864668
12/10/2018,24.343332
12/11/2018,24.450666
12/12/2018,24.440001
12/13/2018,25.119333
12/14/2018,24.380667
12/17/2018,23.228001
12/18/2018,22.468666
12/19/2018,22.198
12/20/2018,21.025333
12/21/2018,21.318001
12/24/2018,19.692667
12/26/2018,21.739332
12/27/2018,21.075333
12/28/2018,22.257999
12/31/2018,22.186666
1/2/2019,20.674667
1/3/2019,20.024
1/4/2019,21.179333
1/7/2019,22.330667
1/8/2019,22.356667
1/9/2019,22.568666
1/10/2019,22.997999
1/11/2019,23.150667
1/14/2019,22.293333
1/15/2019,22.962
1/16/2019,23.07
1/17/2019,23.153999
1/18/2019,20.150667
1/22/2019,19.927999
1/23/2019,19.172667
1/24/2019,19.434
1/25/2019,19.802668
1/28/2019,19.758667
1/29/2019,19.830667
1/30/2019,20.584667
1/31/2019,20.468
2/1/2019,20.813999
2/4/2019,20.859333
2/5/2019,21.423332
2/6/2019,21.148001
2/7/2019,20.500668
2/8/2019,20.386667
2/11/2019,20.856001
2/12/2019,20.787333
2/13/2019,20.544666
2/14/2019,20.251333
2/15/2019,20.525333
2/19/2019,20.375999
2/20/2019,20.170668
2/21/2019,19.415333
2/22/2019,19.647333
2/25/2019,19.917999
2/26/2019,19.857332
2/27/2019,20.982668
2/28/2019,21.325333
3/1/2019,19.652666
3/4/2019,19.024
3/5/2019,18.436001
3/6/2019,18.416
3/7/2019,18.439333
3/8/2019,18.942667
3/11/2019,19.394667
3/12/2019,18.890667
3/13/2019,19.264
3/14/2019,19.330667
3/15/2019,18.362
3/18/2019,17.966
3/19/2019,17.831333
3/20/2019,18.24
3/21/2019,18.268
3/22/2019,17.635332
3/25/2019,17.361334
3/26/2019,17.851334
3/27/2019,18.322001
3/28/2019,18.574667
3/29/2019,18.657333
4/1/2019,19.278667
4/2/2019,19.058666
4/3/2019,19.454
4/4/2019,17.851999
4/5/2019,18.330667
4/8/2019,18.213333
4/9/2019,18.153999
4/10/2019,18.403999
4/11/2019,17.894667
4/12/2019,17.846666
4/15/2019,17.758667
4/16/2019,18.224001
4/17/2019,18.082001
4/18/2019,18.217333
4/22/2019,17.516666
4/23/2019,17.593332
4/24/2019,17.243999
4/25/2019,16.508667
4/26/2019,15.676
4/29/2019,16.098
4/30/2019,15.912667
5/1/2019,15.600667
5/2/2019,16.273333
5/3/2019,17.002001
5/6/2019,17.022667
5/7/2019,16.470667
5/8/2019,16.322666
5/9/2019,16.132
5/10/2019,15.968
5/13/2019,15.134
5/14/2019,15.487333
5/15/2019,15.463333
5/16/2019,15.222
5/17/2019,14.068667
5/20/2019,13.690667
5/21/2019,13.672
5/22/2019,12.848667
5/23/2019,13.032667
5/24/2019,12.708667
5/28/2019,12.58
5/29/2019,12.657333
5/30/2019,12.548
5/31/2019,12.344
6/3/2019,11.931333
6/4/2019,12.906667
6/5/2019,13.106
6/6/2019,13.73
6/7/2019,13.633333
6/10/2019,14.192
6/11/2019,14.473333
6/12/2019,13.950667
6/13/2019,14.260667
6/14/2019,14.328
6/17/2019,15.002
6/18/2019,14.982667
6/19/2019,15.095333
6/20/2019,14.641333
6/21/2019,14.790667
6/24/2019,14.909333
6/25/2019,14.650667
6/26/2019,14.618
6/27/2019,14.856
6/28/2019,14.897333
7/1/2019,15.144667
7/2/2019,14.97
7/3/2019,15.66
7/5/2019,15.54
7/8/2019,15.356
7/9/2019,15.337333
7/10/2019,15.928
7/11/2019,15.906667
7/12/2019,16.338667
7/15/2019,16.9
7/16/2019,16.825333
7/17/2019,16.990667
7/18/2019,16.902666
7/19/2019,17.212
7/22/2019,17.045334
7/23/2019,17.344667
7/24/2019,17.658667
7/25/2019,15.254667
7/26/2019,15.202667
7/29/2019,15.718
7/30/2019,16.150667
7/31/2019,16.107332
8/1/2019,15.59
8/2/2019,15.622667
8/5/2019,15.221333
8/6/2019,15.383333
8/7/2019,15.561333
8/8/2019,15.886667
8/9/2019,15.667333
8/12/2019,15.267333
8/13/2019,15.666667
8/14/2019,14.641333
8/15/2019,14.376
8/16/2019,14.662667
8/19/2019,15.122
8/20/2019,15.057333
8/21/2019,14.722
8/22/2019,14.81
8/23/2019,14.093333
8/26/2019,14.333333
8/27/2019,14.272
8/28/2019,14.372667
8/29/2019,14.780667
8/30/2019,15.040667
9/3/2019,15.000667
9/4/2019,14.712
9/5/2019,15.305333
9/6/2019,15.163333
9/9/2019,15.452667
9/10/2019,15.702667
9/11/2019,16.473333
9/12/2019,16.391333
9/13/2019,16.346666
9/16/2019,16.187332
9/17/2019,16.319332
9/18/2019,16.232668
9/19/2019,16.440001
9/20/2019,16.041332
9/23/2019,16.082001
9/24/2019,14.880667
9/25/2019,15.246667
9/26/2019,16.170668
9/27/2019,16.142
9/30/2019,16.058001
10/1/2019,16.312668
10/2/2019,16.208668
10/3/2019,15.535333
10/4/2019,15.428667
10/7/2019,15.848
10/8/2019,16.003332
10/9/2019,16.302
10/10/2019,16.316
10/11/2019,16.525999
10/14/2019,17.130667
10/15/2019,17.192667
10/16/2019,17.316668
10/17/2019,17.464666
10/18/2019,17.129999
10/21/2019,16.9
10/22/2019,17.038668
10/23/2019,16.978666
10/24/2019,19.978666
10/25/2019,21.875334
10/28/2019,21.847334
10/29/2019,21.081333
10/30/2019,21.000668
10/31/2019,20.994667
11/1/2019,20.887333
11/4/2019,21.164667
11/5/2019,21.148001
11/6/2019,21.771999
11/7/2019,22.369333
11/8/2019,22.476
11/11/2019,23.006001
11/12/2019,23.328667
11/13/2019,23.073999
11/14/2019,23.290001
11/15/2019,23.478001
11/18/2019,23.332666
11/19/2019,23.968
11/20/2019,23.481333
11/21/2019,23.655333
11/22/2019,22.202667
11/25/2019,22.422667
11/26/2019,21.927999
11/27/2019,22.086
11/29/2019,21.996
12/2/2019,22.324667
12/3/2019,22.413334
12/4/2019,22.202
12/5/2019,22.024668
12/6/2019,22.392668
12/9/2019,22.635332
12/10/2019,23.256001
12/11/2019,23.513332
12/12/2019,23.978666
12/13/2019,23.892668
12/16/2019,25.433332
12/17/2019,25.266001
12/18/2019,26.209999
12/19/2019,26.936001
12/20/2019,27.039333
12/23/2019,27.948
12/24/2019,28.35
12/26/2019,28.729334
12/27/2019,28.691999
12/30/2019,27.646667
12/31/2019,27.888666
1/2/2020,28.684
1/3/2020,29.534
1/6/2020,30.102667
1/7/2020,31.270666
1/8/2020,32.809334
1/9/2020,32.089333
1/10/2020,31.876667
1/13/2020,34.990665
1/14/2020,35.861332
1/15/2020,34.566666
1/16/2020,34.232666
1/17/2020,34.033333
1/21/2020,36.48
1/22/2020,37.970669
1/23/2020,38.146667
1/24/2020,37.654667
1/27/2020,37.201332
1/28/2020,37.793331
1/29/2020,38.732666
1/30/2020,42.720669
1/31/2020,43.371334
2/3/2020,52
2/4/2020,59.137333
2/5/2020,48.98
2/6/2020,49.930668
2/7/2020,49.871334
2/10/2020,51.418667
2/11/2020,51.625332
2/12/2020,51.152668
2/13/2020,53.599998
2/14/2020,53.335335
2/18/2020,57.226665
2/19/2020,61.161331
2/20/2020,59.960667
2/21/2020,60.066666
2/24/2020,55.585999
2/25/2020,53.327332
2/26/2020,51.919998
2/27/2020,45.266666
2/28/2020,44.532665
3/2/2020,49.574669
3/3/2020,49.700668
3/4/2020,49.966667
3/5/2020,48.302666
3/6/2020,46.898666
3/9/2020,40.533333
3/10/2020,43.021999
3/11/2020,42.282001
3/12/2020,37.369999
3/13/2020,36.441334
3/16/2020,29.671333
3/17/2020,28.68
3/18/2020,24.081333
3/19/2020,28.509333
3/20/2020,28.502001
3/23/2020,28.952667
3/24/2020,33.666668
3/25/2020,35.950001
3/26/2020,35.210667
3/27/2020,34.290668
3/30/2020,33.475334
3/31/2020,34.933334
4/1/2020,32.104
4/2/2020,30.298
4/3/2020,32.000668
4/6/2020,34.416
4/7/2020,36.363335
4/8/2020,36.589333
4/9/2020,38.200001
4/13/2020,43.396667
4/14/2020,47.326
4/15/2020,48.655334
4/16/2020,49.680668
4/17/2020,50.259335
4/20/2020,49.757332
4/21/2020,45.781334
4/22/2020,48.807335
4/23/2020,47.042
4/24/2020,48.343334
4/27/2020,53.25
4/28/2020,51.274666
4/29/2020,53.367332
4/30/2020,52.125332
5/1/2020,46.754665
5/4/2020,50.745998
5/5/2020,51.214001
5/6/2020,52.172001
5/7/2020,52.002666
5/8/2020,54.627998
5/11/2020,54.085999
5/12/2020,53.960667
5/13/2020,52.730667
5/14/2020,53.555332
5/15/2020,53.278
5/18/2020,54.242001
5/19/2020,53.867332
5/20/2020,54.370667
5/21/2020,55.173332
5/22/2020,54.458668
5/26/2020,54.591331
5/27/2020,54.681999
5/28/2020,53.720669
5/29/2020,55.666668
6/1/2020,59.873333
6/2/2020,58.770668
6/3/2020,58.863998
6/4/2020,57.625332
6/5/2020,59.043999
6/8/2020,63.327999
6/9/2020,62.711334
6/10/2020,68.33667
6/11/2020,64.856003
6/12/2020,62.352001
6/15/2020,66.059998
6/16/2020,65.475334
6/17/2020,66.119331
6/18/2020,66.930664
6/19/2020,66.726669
6/22/2020,66.288002
6/23/2020,66.785332
6/24/2020,64.056664
6/25/2020,65.732002
6/26/2020,63.982666
6/29/2020,67.290001
6/30/2020,71.987335
7/1/2020,74.641998
7/2/2020,80.577332
7/6/2020,91.438667
7/7/2020,92.657333
7/8/2020,91.05867
7/9/2020,92.952003
7/10/2020,102.976669
7/13/2020,99.804001
7/14/2020,101.120003
7/15/2020,103.067329
7/16/2020,100.042664
7/17/2020,100.056
7/20/2020,109.533333
7/21/2020,104.557335
7/22/2020,106.155334
7/23/2020,100.87133
7/24/2020,94.466667
7/27/2020,102.639999
7/28/2020,98.432671
7/29/2020,99.940666
7/30/2020,99.166
7/31/2020,95.384003
8/3/2020,99
8/4/2020,99.133331
8/5/2020,99.001335
8/6/2020,99.305336
8/7/2020,96.847336
8/10/2020,94.571335
8/11/2020,91.625999
8/12/2020,103.650665
8/13/2020,108.066666
8/14/2020,110.047333
8/17/2020,122.375999
8/18/2020,125.806
8/19/2020,125.235336
8/20/2020,133.455338
8/21/2020,136.665329
8/24/2020,134.279999
8/25/2020,134.889328
8/26/2020,143.544662
8/27/2020,149.25
8/28/2020,147.559998
8/31/2020,166.106674
9/1/2020,158.350006
9/2/2020,149.123337
9/3/2020,135.666672
9/4/2020,139.440002
9/8/2020,110.07
9/9/2020,122.09333
9/10/2020,123.779999
9/11/2020,124.239998
9/14/2020,139.873337
9/15/2020,149.919998
9/16/2020,147.253326
9/17/2020,141.143326
9/18/2020,147.383331
9/21/2020,149.796661
9/22/2020,141.410004
9/23/2020,126.786667
9/24/2020,129.263336
9/25/2020,135.779999
9/28/2020,140.399994
9/29/2020,139.690002
9/30/2020,143.003326
10/1/2020,149.386673
10/2/2020,138.363327
10/5/2020,141.893326
10/6/2020,137.993332
10/7/2020,141.766663
10/8/2020,141.973328
10/9/2020,144.666672
10/12/2020,147.433334
10/13/2020,148.883331
10/14/2020,153.766663
10/15/2020,149.626663
10/16/2020,146.556671
10/19/2020,143.610001
10/20/2020,140.646667
10/21/2020,140.880005
10/22/2020,141.929993
10/23/2020,140.210007
10/26/2020,140.093338
10/27/2020,141.559998
10/28/2020,135.339996
10/29/2020,136.943329
10/30/2020,129.346664
11/2/2020,133.503326
11/3/2020,141.300003
11/4/2020,140.32666
11/5/2020,146.029999
11/6/2020,143.316666
11/9/2020,140.419998
11/10/2020,136.786667
11/11/2020,139.043335
11/12/2020,137.253326
11/13/2020,136.166672
11/16/2020,136.029999
11/17/2020,147.203339
11/18/2020,162.213333
11/19/2020,166.42334
11/20/2020,163.203339
11/23/2020,173.949997
11/24/2020,185.126663
11/25/2020,191.333328
11/27/2020,195.253326
11/30/2020,189.199997
12/1/2020,194.919998
12/2/2020,189.606674
12/3/2020,197.793335
12/4/2020,199.679993
12/7/2020,213.919998
12/8/2020,216.626663
12/9/2020,201.493332
12/10/2020,209.023331
12/11/2020,203.330002
12/14/2020,213.276672
12/15/2020,211.083328
12/16/2020,207.589996
12/17/2020,218.633331
12/18/2020,231.666672
12/21/2020,216.619995
12/22/2020,213.446671
12/23/2020,215.32666
12/24/2020,220.589996
12/28/2020,221.229996
12/29/2020,221.996674
12/30/2020,231.593338
12/31/2020,235.223328
1/4/2021,243.256668
1/5/2021,245.036667
1/6/2021,251.993332
1/7/2021,272.013336
1/8/2021,293.339996
1/11/2021,270.396667
1/12/2021,283.146667
1/13/2021,284.803345
1/14/2021,281.666656
1/15/2021,275.386658
1/19/2021,281.516663
1/20/2021,283.483337
1/21/2021,281.66333
1/22/2021,282.213318
1/25/2021,293.600006
1/26/2021,294.363342
1/27/2021,288.053345
1/28/2021,278.476654
1/29/2021,264.51001
2/1/2021,279.936676
2/2/2021,290.929993
2/3/2021,284.896667
2/4/2021,283.329987
2/5/2021,284.07666
2/8/2021,287.806671
2/9/2021,283.15332
2/10/2021,268.273346
2/11/2021,270.553345
2/12/2021,272.040009
2/16/2021,265.406677
2/17/2021,266.049988
2/18/2021,262.459991
2/19/2021,260.433319
2/22/2021,238.166672
2/23/2021,232.946671
2/24/2021,247.339996
2/25/2021,227.406662
2/26/2021,225.166672
3/1/2021,239.476669
3/2/2021,228.813339
3/3/2021,217.733337
3/4/2021,207.146667
3/5/2021,199.316666
3/8/2021,187.666672
3/9/2021,224.526672
3/10/2021,222.686661
3/11/2021,233.199997
3/12/2021,231.243332
3/15/2021,235.979996
3/16/2021,225.626663
3/17/2021,233.936661
3/18/2021,217.720001
3/19/2021,218.289993
3/22/2021,223.333328
3/23/2021,220.720001
3/24/2021,210.089996
3/25/2021,213.463333
3/26/2021,206.236664
3/29/2021,203.763336
3/30/2021,211.873337
3/31/2021,222.643326
4/1/2021,220.583328
4/5/2021,230.350006
4/6/2021,230.539993
4/7/2021,223.656662
4/8/2021,227.933334
4/9/2021,225.67334
4/12/2021,233.993332
4/13/2021,254.106674
4/14/2021,244.07666
4/15/2021,246.28334
4/16/2021,246.593338
4/19/2021,238.210007
4/20/2021,239.66333
4/21/2021,248.039993
4/22/2021,239.896667
4/23/2021,243.133331
4/26/2021,246.066666
4/27/2021,234.91333
4/28/2021,231.46666
4/29/2021,225.666672
4/30/2021,236.479996
5/3/2021,228.300003
5/4/2021,224.53334
5/5/2021,223.646667
5/6/2021,221.179993
5/7/2021,224.123337
5/10/2021,209.679993
5/11/2021,205.733337
5/12/2021,196.630005
5/13/2021,190.563339
5/14/2021,196.580002
5/17/2021,192.276672
5/18/2021,192.623337
5/19/2021,187.820007
5/20/2021,195.593338
5/21/2021,193.626663
5/24/2021,202.146667
5/25/2021,201.563339
5/26/2021,206.376663
5/27/2021,210.28334
5/28/2021,208.406662
6/1/2021,207.96666
6/2/2021,201.706665
6/3/2021,190.946671
6/4/2021,199.683334
6/7/2021,201.710007
6/8/2021,201.196671
6/9/2021,199.593338
6/10/2021,203.373337
6/11/2021,203.296661
6/14/2021,205.896667
6/15/2021,199.786667
6/16/2021,201.623337
6/17/2021,205.53334
6/18/2021,207.770004
6/21/2021,206.943329
6/22/2021,207.903336
6/23/2021,218.856674
6/24/2021,226.606674
6/25/2021,223.956665
6/28/2021,229.573334
6/29/2021,226.919998
6/30/2021,226.566666
7/1/2021,225.973328
7/2/2021,226.300003
7/6/2021,219.860001
7/7/2021,214.883331
7/8/2021,217.603333
7/9/2021,218.983337
7/12/2021,228.566666
7/13/2021,222.846664
7/14/2021,217.793335
7/15/2021,216.866669
7/16/2021,214.740005
7/19/2021,215.406662
7/20/2021,220.166672
7/21/2021,218.429993
7/22/2021,216.419998
7/23/2021,214.460007
7/26/2021,219.206665
7/27/2021,214.926666
7/28/2021,215.660004
7/29/2021,225.78334
7/30/2021,229.066666
8/2/2021,236.556671
8/3/2021,236.580002
8/4/2021,236.973328
8/5/2021,238.210007
8/6/2021,233.03334
8/9/2021,237.919998
8/10/2021,236.66333
8/11/2021,235.940002
8/12/2021,240.75
8/13/2021,239.056671
8/16/2021,228.723328
8/17/2021,221.903336
8/18/2021,229.66333
8/19/2021,224.490005
8/20/2021,226.753326
8/23/2021,235.433334
8/24/2021,236.16333
8/25/2021,237.066666
8/26/2021,233.720001
8/27/2021,237.306671
8/30/2021,243.636673
8/31/2021,245.240005
9/1/2021,244.696671
9/2/2021,244.130005
9/3/2021,244.523331
9/7/2021,250.973328
9/8/2021,251.289993
9/9/2021,251.619995
9/10/2021,245.42334
9/13/2021,247.666672
9/14/2021,248.16333
9/15/2021,251.943329
9/16/2021,252.330002
9/17/2021,253.16333
9/20/2021,243.389999
9/21/2021,246.460007
9/22/2021,250.646667
9/23/2021,251.213333
9/24/2021,258.130005
9/27/2021,263.786682
9/28/2021,259.186676
9/29/2021,260.436676
9/30/2021,258.493347
10/1/2021,258.406677
10/4/2021,260.51001
10/5/2021,260.196655
10/6/2021,260.916656
10/7/2021,264.536682
10/8/2021,261.829987
10/11/2021,263.980011
10/12/2021,268.573334
10/13/2021,270.359985
10/14/2021,272.773346
10/15/2021,281.01001
10/18/2021,290.036682
10/19/2021,288.089996
10/20/2021,288.600006
10/21/2021,298
10/22/2021,303.226654
10/25/2021,341.619995
10/26/2021,339.476654
10/27/2021,345.953339
10/28/2021,359.013336
10/29/2021,371.333344
11/1/2021,402.863342
11/2/2021,390.666656
11/3/2021,404.619995
11/4/2021,409.970001
11/5/2021,407.363342
11/8/2021,387.646667
11/9/2021,341.166656
11/10/2021,355.983337
11/11/2021,354.503326
11/12/2021,344.473328
11/15/2021,337.796661
11/16/2021,351.57666
11/17/2021,363.003326
11/18/2021,365.459991
11/19/2021,379.019989
11/22/2021,385.623322
11/23/2021,369.676666
11/24/2021,372
11/26/2021,360.640015
11/29/2021,378.996674
11/30/2021,381.58667
12/1/2021,365
12/2/2021,361.533325
12/3/2021,338.323334
12/6/2021,336.33667
12/7/2021,350.583344
12/8/2021,356.320007
12/9/2021,334.600006
12/10/2021,339.01001
12/13/2021,322.136658
12/14/2021,319.503326
12/15/2021,325.329987
12/16/2021,308.973328
12/17/2021,310.856659
12/20/2021,299.980011
12/21/2021,312.843323
12/22/2021,336.290009
12/23/2021,355.666656
12/27/2021,364.646667
12/28/2021,362.823334
12/29/2021,362.063324
12/30/2021,356.779999
12/31/2021,352.26001
1/3/2022,399.926666
1/4/2022,383.196655
1/5/2022,362.706665
1/6/2022,354.899994
1/7/2022,342.320007
1/10/2022,352.706665
1/11/2022,354.799988
1/12/2022,368.73999
1/13/2022,343.853333
1/14/2022,349.869995
1/18/2022,343.503326
1/19/2022,331.883331
1/20/2022,332.089996
1/21/2022,314.633331
1/24/2022,310
1/25/2022,306.133331
1/26/2022,312.470001
1/27/2022,276.366669
1/28/2022,282.116669
1/31/2022,312.23999
2/1/2022,310.416656
2/2/2022,301.886658
2/3/2022,297.046661
2/4/2022,307.773346
2/7/2022,302.446655
2/8/2022,307.333344
2/9/2022,310.666656
2/10/2022,301.516663
2/11/2022,286.666656
2/14/2022,291.920013
2/15/2022,307.476654
2/16/2022,307.796661
2/17/2022,292.116669
2/18/2022,285.660004
2/22/2022,273.843323
2/23/2022,254.679993
2/24/2022,266.92334
2/25/2022,269.956665
2/28/2022,290.143341
3/1/2022,288.123322
3/2/2022,293.296661
3/3/2022,279.763336
3/4/2022,279.429993
3/7/2022,268.193329
3/8/2022,274.799988
3/9/2022,286.323334
3/10/2022,279.433319
3/11/2022,265.116669
3/14/2022,255.456665
3/15/2022,267.296661
3/16/2022,280.07666
3/17/2022,290.533325
3/18/2022,301.796661
3/21/2022,307.053345
3/22/2022,331.32666
3/23/2022,333.036682
3/24/2022,337.973328
3/25/2022,336.880005
3/28/2022,363.946655
3/29/2022,366.523346
3/30/2022,364.66333
3/31/2022,359.200012
4/1/2022,361.529999
4/4/2022,381.816681
4/5/2022,363.753326
4/6/2022,348.58667
4/7/2022,352.420013
4/8/2022,341.829987
4/11/2022,325.309998
4/12/2022,328.983337
4/13/2022,340.790009
4/14/2022,328.333344
4/18/2022,334.763336
4/19/2022,342.716675
4/20/2022,325.733337
4/21/2022,336.26001
4/22/2022,335.016663
4/25/2022,332.67334
4/26/2022,292.140015
4/27/2022,293.83667
4/28/2022,292.503326
4/29/2022,290.253326
5/2/2022,300.980011
5/3/2022,303.083344
5/4/2022,317.540009
5/5/2022,291.093323
5/6/2022,288.549988
5/9/2022,262.369995
5/10/2022,266.679993
5/11/2022,244.666672
5/12/2022,242.666672
5/13/2022,256.529999
5/16/2022,241.456665
5/17/2022,253.869995
5/18/2022,236.603333
5/19/2022,236.473328
5/20/2022,221.300003
5/23/2022,224.96666
5/24/2022,209.386673
5/25/2022,219.600006
5/26/2022,235.910004
5/27/2022,253.210007
5/31/2022,252.753326
6/1/2022,246.789993
6/2/2022,258.333344
6/3/2022,234.516663
6/6/2022,238.279999
6/7/2022,238.886673
6/8/2022,241.866669
6/9/2022,239.706665
6/10/2022,232.229996
6/13/2022,215.736664
6/14/2022,220.889999
6/15/2022,233
6/16/2022,213.100006
6/17/2022,216.759995
6/21/2022,237.036667
6/22/2022,236.08667
6/23/2022,235.070007
6/24/2022,245.706665
6/27/2022,244.919998
6/28/2022,232.66333
6/29/2022,228.490005
6/30/2022,224.473328
7/1/2022,227.263336
7/5/2022,233.066666
7/6/2022,231.733337
7/7/2022,244.543335
7/8/2022,250.763336
7/11/2022,234.343338
7/12/2022,233.070007
7/13/2022,237.039993
7/14/2022,238.313339
7/15/2022,240.066666
7/18/2022,240.546661
7/19/2022,245.529999
7/20/2022,247.5
7/21/2022,271.706665
7/22/2022,272.243347
7/25/2022,268.433319
7/26/2022,258.859985
7/27/2022,274.820007
7/28/2022,280.899994
7/29/2022,297.149994
8/1/2022,297.276672
8/2/2022,300.58667
8/3/2022,307.396667
8/4/2022,308.633331
8/5/2022,288.170013
8/8/2022,290.42334
8/9/2022,283.333344
8/10/2022,294.356659
8/11/2022,286.630005
8/12/2022,300.029999
8/15/2022,309.320007
8/16/2022,306.563324
8/17/2022,303.996674
8/18/2022,302.869995
8/19/2022,296.666656
8/22/2022,289.91333
8/23/2022,296.453339
8/24/2022,297.09668
8/25/2022,296.070007
8/26/2022,288.089996
8/29/2022,284.820007
8/30/2022,277.700012
8/31/2022,275.609985
9/1/2022,277.160004
9/2/2022,270.209991
9/6/2022,274.420013
9/7/2022,283.700012
9/8/2022,289.26001
9/9/2022,299.679993
9/12/2022,304.420013
9/13/2022,292.130005
9/14/2022,302.609985
9/15/2022,303.75
9/16/2022,303.350006
9/19/2022,309.070007
9/20/2022,308.730011
9/21/2022,300.799988
9/22/2022,288.589996
9/23/2022,275.329987
9/26/2022,276.01001
9/27/2022,282.940002
9/28/2022,287.809998
9/29/2022,268.209991
9/30/2022,265.25
10/3/2022,242.399994
10/4/2022,249.440002
10/5/2022,240.809998
10/6/2022,238.130005
10/7/2022,223.070007
10/10/2022,222.960007
10/11/2022,216.5
10/12/2022,217.240005
10/13/2022,221.720001
10/14/2022,204.990005
10/17/2022,219.350006
10/18/2022,220.190002
10/19/2022,222.039993
10/20/2022,207.279999
10/21/2022,214.440002
10/24/2022,211.25
10/25/2022,222.419998
10/26/2022,224.639999
10/27/2022,225.089996
10/28/2022,228.520004
10/31/2022,227.539993
11/1/2022,227.820007
11/2/2022,214.979996
11/3/2022,215.309998
11/4/2022,207.470001
11/7/2022,197.080002
11/8/2022,191.300003
11/9/2022,177.589996
11/10/2022,190.720001
11/11/2022,195.970001
11/14/2022,190.949997
11/15/2022,194.419998
11/16/2022,186.919998
11/17/2022,183.169998
11/18/2022,180.190002
11/21/2022,167.869995
11/22/2022,169.910004
11/23/2022,183.199997
11/25/2022,182.860001
